{"cameraMode":{"drawMode":0,"name":"Shaded","section":"Shading Mode"},"sceneLighting":true,"audioPlay":false,"sceneViewState":{"m_AlwaysRefresh":false,"showFog":true,"showSkybox":true,"showFlares":true,"showImageEffects":true,"showParticleSystems":true,"showVisualEffectGraphs":true,"m_FxEnabled":true},"in2DMode":false,"pivot":{"x":-2.4754645824432375,"y":-69.16313171386719,"z":313.4021301269531},"rotation":{"x":0.7102829217910767,"y":-0.0010558783542364836,"z":0.0010654412908479572,"w":0.703917920589447},"size":94.39039611816406,"orthographic":true}